City_ID,City,Lat,Lng,Max Temp,Humidity,Cloudiness,Wind Speed,Country,Date
0,san rafael,-34.6177,-68.3301,88.25,16,0,13.06,AR,1675548953
1,arraial do cabo,-22.9661,-42.0278,78.24,86,29,12.06,BR,1675549026
2,nikolskoye,59.7035,30.7861,24.78,93,99,6.96,RU,1675549026
3,lensk,60.7253,114.9278,-9.54,100,100,1.81,RU,1675549027
4,sobolevo,54.4299,31.8996,22.95,93,100,12.57,RU,1675549028
5,rikitea,-23.1203,-134.9692,78.94,74,2,13.8,PF,1675548787
6,hobart,-42.8794,147.3294,64.06,63,20,8.05,AU,1675549029
7,yellowknife,62.456,-114.3525,-13.56,88,30,3.29,CA,1675548781
8,mar del plata,-38.0023,-57.5575,69.84,69,20,10.36,AR,1675549031
9,saint-joseph,-21.3667,55.6167,77.38,84,98,9.91,RE,1675549031
10,hilo,19.7297,-155.09,80.28,85,75,8.05,US,1675548848
11,ilulissat,69.2167,-51.1,-2.18,71,85,8.05,GL,1675548463
12,garmsar,35.2182,52.3409,39.52,30,11,6.71,IR,1675549033
13,khatanga,71.9667,102.5,-38.06,100,52,4.85,RU,1675548994
14,busselton,-33.65,115.3333,72.73,43,75,7.14,AU,1675548775
15,victoria,22.2855,114.1577,64.94,86,100,8.99,HK,1675548923
16,port lincoln,-34.7333,135.8667,63.27,70,58,4.74,AU,1675548763
17,burnie,-41.0667,145.9167,59.83,62,4,10.13,AU,1675549035
18,olinda,-8.0089,-34.8553,80.33,83,75,4.61,BR,1675549035
19,iqaluit,63.7506,-68.5145,-34.31,65,27,13.0,CA,1675548877
20,kapaa,22.0752,-159.319,73.72,93,100,16.11,US,1675548752
21,awbari,26.5921,12.7805,52.77,27,69,8.9,LY,1675549038
22,upernavik,72.7868,-56.1549,-6.54,96,100,4.9,GL,1675549038
23,la asuncion,11.0333,-63.8628,77.79,76,2,18.79,VE,1675549000
24,atuona,-9.8,-139.0333,78.85,72,38,18.92,PF,1675549040
25,hermanus,-34.4187,19.2345,70.81,92,23,6.73,ZA,1675548743
26,punta arenas,-53.15,-70.9167,51.91,93,100,9.22,CL,1675548772
27,prichard,30.7388,-88.0789,63.75,33,0,8.05,US,1675549042
28,emba,48.8264,58.1442,3.63,92,13,9.48,KZ,1675549043
29,honiara,-9.4333,159.95,83.26,78,96,1.54,SB,1675548940
30,coahuayana,18.7333,-103.6833,86.54,37,0,7.74,MX,1675549045
31,mishan,45.55,131.8833,5.47,92,100,3.31,CN,1675549046
32,bambous virieux,-20.3428,57.7575,78.22,84,50,9.6,MU,1675548836
33,sakakah,29.9697,40.2064,48.4,63,1,7.07,SA,1675548764
34,castro,-24.7911,-50.0119,65.48,92,80,5.44,BR,1675548992
35,beloha,-25.1667,45.05,73.15,83,99,13.73,MG,1675549052
36,ponta delgada,37.7333,-25.6667,57.92,82,20,5.75,PT,1675549052
37,albany,42.6001,-73.9662,11.23,43,66,4.41,US,1675548881
38,padang,-0.9492,100.3543,75.25,86,100,3.02,ID,1675549053
39,carnarvon,-24.8667,113.6333,78.12,71,1,4.61,AU,1675549053
40,saldanha,-33.0117,17.9442,66.25,96,91,15.3,ZA,1675549054
41,kodiak,57.79,-152.4072,33.31,75,0,0.0,US,1675548898
42,broome,42.2506,-75.833,19.09,60,100,9.22,US,1675548483
43,meulaboh,4.1363,96.1285,74.95,88,98,3.69,ID,1675549055
44,bay city,43.5945,-83.8889,30.52,60,0,12.66,US,1675548937
45,constitucion,-35.3333,-72.4167,66.2,78,29,4.9,CL,1675548896
46,ponta do sol,32.6667,-17.1,63.23,50,18,9.66,PT,1675549057
47,port alfred,-33.5906,26.891,75.18,88,100,1.99,ZA,1675548810
48,ushuaia,-54.8,-68.3,47.5,96,100,6.67,AR,1675548827
49,grand gaube,-20.0064,57.6608,78.39,82,97,3.0,MU,1675548531
50,cidreira,-30.1811,-50.2056,75.72,70,64,10.33,BR,1675548569
51,dikson,73.5069,80.5464,-3.96,98,100,3.33,RU,1675549021
52,husavik,66.0449,-17.3389,26.8,73,22,14.29,IS,1675549002
53,clyde river,70.4692,-68.5914,-12.68,87,100,6.6,CA,1675548472
54,ketchikan,55.3422,-131.6461,46.87,87,100,23.02,US,1675549059
55,suntar,62.1444,117.6319,-47.25,100,95,3.36,RU,1675549059
56,pyapon,16.2833,95.6833,71.64,65,6,5.26,MM,1675549053
57,bluff,-46.6,168.3333,63.59,94,100,12.55,NZ,1675549060
58,ramapuram,13.1167,79.2,65.75,84,1,2.95,IN,1675549061
59,gizo,-8.103,156.8419,82.47,76,91,7.27,SB,1675549061
60,tungor,53.3808,142.9564,-20.83,100,64,8.05,RU,1675549062
61,hobyo,5.3505,48.5268,74.88,73,70,15.32,SO,1675548897
62,ukiah,39.1502,-123.2078,54.45,90,100,8.05,US,1675548989
63,srednekolymsk,67.45,153.6833,-32.53,100,100,3.09,RU,1675549063
64,abatskoye,56.2875,70.4555,3.43,100,100,2.75,RU,1675549064
65,niquero,20.0431,-77.5828,80.4,66,68,2.57,CU,1675549064
66,souillac,-20.5167,57.5167,79.18,89,75,6.91,MU,1675549065
67,loiza,18.4313,-65.8802,76.98,85,75,9.22,PR,1675548817
68,kamaishi,39.2667,141.8833,27.5,72,6,6.42,JP,1675549018
69,sitka,57.0531,-135.33,37.29,87,100,4.61,US,1675549066
70,araruna,-6.5583,-35.7417,75.69,71,100,12.68,BR,1675549066
71,vaini,-21.2,-175.2,80.76,94,75,18.41,TO,1675549067
72,charyshskoye,51.3978,83.5598,23.43,97,100,1.21,RU,1675549067
73,olafsvik,64.8945,-23.7142,37.2,80,100,25.03,IS,1675549068
74,jamestown,42.097,-79.2353,26.19,26,39,8.99,US,1675548823
75,barrow,71.2906,-156.7887,-23.78,76,0,10.36,US,1675549068
76,geraldton,-28.7667,114.6,70.21,94,75,5.75,AU,1675548914
77,kafue,-15.7691,28.1814,67.19,93,100,2.1,ZM,1675549069
78,faanui,-16.4833,-151.75,81.48,72,64,18.7,PF,1675549070
79,yar-sale,66.8333,70.8333,10.22,97,99,5.64,RU,1675549071
80,college,64.8569,-147.8028,10.35,78,75,4.61,US,1675548957
81,longyearbyen,78.2186,15.6401,17.44,62,0,23.02,SJ,1675549072
82,klaksvik,62.2266,-6.589,40.12,73,43,33.69,FO,1675548534
83,kaka,37.3482,59.6143,40.86,71,100,6.98,TM,1675549072
84,timbo,-26.8233,-49.2717,73.53,95,81,2.64,BR,1675549073
85,laguna,38.421,-121.4238,66.18,55,100,12.66,US,1675549073
86,acapulco,16.8634,-99.8901,87.62,51,0,5.75,MX,1675549061
87,mataura,-46.1927,168.8643,71.47,72,100,3.74,NZ,1675549074
88,teruel,40.6667,-0.6667,33.51,48,0,3.31,ES,1675549075
89,mitsamiouli,-11.3847,43.2844,81.18,73,98,2.35,KM,1675549075
90,yerbogachen,61.2767,108.0108,-17.61,100,93,2.55,RU,1675548817
91,tilichiki,60.4667,166.1,-17.64,97,41,8.46,RU,1675549077
92,butaritari,3.0707,172.7902,81.28,80,56,19.28,KI,1675548944
93,ribeira grande,38.5167,-28.7,62.78,90,29,11.01,PT,1675549077
94,mana,5.6592,-53.7767,76.55,87,100,13.69,GF,1675549078
95,leh,34.1667,77.5833,4.08,83,77,2.21,IN,1675549078
96,provideniya,64.3833,-173.3,-3.24,88,100,10.89,RU,1675549079
97,katsuura,35.1333,140.3,43.39,68,8,13.49,JP,1675548488
98,airai,-8.9266,125.4092,60.35,90,99,2.26,TL,1675549001
99,ust-kuyga,70.0167,135.6,-32.91,100,100,0.34,RU,1675549080
100,tuktoyaktuk,69.4541,-133.0374,-43.6,66,20,3.44,CA,1675549080
101,aquin,18.2833,-73.4,79.52,65,7,6.2,HT,1675549081
102,komsomolskiy,40.4272,71.7189,39.92,87,100,9.22,UZ,1675549082
103,caravelas,-17.7125,-39.2481,79.27,82,12,10.76,BR,1675548872
104,talnakh,69.4865,88.3972,9.21,95,100,6.82,RU,1675548813
105,berkak,62.825,10.0118,17.73,79,100,10.67,NO,1675549088
106,roald,62.5833,6.1333,42.33,81,75,19.57,NO,1675549073
107,bengkulu,-3.8004,102.2655,73.96,89,100,4.63,ID,1675548986
108,mount gambier,-37.8333,140.7667,58.14,78,100,3.31,AU,1675549092
109,sao jose da coroa grande,-8.8978,-35.1478,79.03,80,46,7.81,BR,1675549030
110,new norfolk,-42.7826,147.0587,62.71,60,13,3.0,AU,1675548897
111,anori,-3.7728,-61.6442,74.89,96,99,1.16,BR,1675549095
112,ancud,-41.8697,-73.8203,68.22,68,53,4.29,CL,1675549059
113,noumea,-22.2763,166.4572,91.38,99,76,12.71,NC,1675548865
114,hit,33.6416,42.8251,52.75,50,49,8.25,IQ,1675549097
115,freeport,40.6576,-73.5832,24.78,43,40,9.22,US,1675549098
116,thompson,55.7435,-97.8558,-2.04,65,75,5.75,CA,1675548993
117,luz,-19.8014,-45.6856,74.64,77,42,5.19,BR,1675549100
118,trinidad,-14.8333,-64.9,82.38,74,75,3.44,BO,1675549033
119,chokurdakh,70.6333,147.9167,-23.66,97,75,8.08,RU,1675549068
120,wad madani,14.4012,33.5199,73.99,19,92,12.64,SD,1675549103
121,akureyri,65.6835,-18.0878,33.73,60,75,14.97,IS,1675549104
122,hithadhoo,-0.6,73.0833,81.52,71,95,14.9,MV,1675548698
123,mayumba,-3.432,10.6554,77.47,86,87,4.7,GA,1675548850
124,georgetown,5.4112,100.3354,78.73,85,20,8.05,MY,1675549010
125,east london,-33.0153,27.9116,74.66,83,100,11.83,ZA,1675549057
126,bure,10.7,37.0667,59.52,43,23,4.43,ET,1675549107
127,tuatapere,-46.1333,167.6833,67.06,93,100,3.83,NZ,1675548995
128,buala,-8.145,159.5921,80.13,85,100,5.95,SB,1675549108
129,praia da vitoria,38.7333,-27.0667,60.76,100,40,13.24,PT,1675549081
130,mahebourg,-20.4081,57.7,79.09,89,75,6.91,MU,1675549111
131,alyangula,-13.8483,136.4192,81.01,59,95,2.53,AU,1675549112
132,santa cruz,-17.8,-63.1667,80.65,61,75,4.61,BO,1675548844
133,gat,31.61,34.7642,54.39,100,72,8.03,IL,1675549112
134,nome,64.5011,-165.4064,12.27,92,100,0.0,US,1675549113
135,gewane,10.1664,40.6453,78.73,39,6,5.41,ET,1675549114
136,port elizabeth,-33.918,25.5701,80.89,47,0,16.11,ZA,1675548934
137,balykshi,47.0667,51.8667,17.6,93,75,8.95,KZ,1675549114
138,bud,39.447,-86.1758,44.62,48,87,15.7,US,1675549014
139,tukrah,32.5341,20.5791,55.69,67,0,12.46,LY,1675549115
140,tomatlan,19.9333,-105.25,88.93,30,3,8.72,MX,1675549074
141,liverpool,53.4106,-2.9779,45.43,83,20,8.05,GB,1675549042
142,port pirie,-33.1833,138.0167,64.72,55,0,3.56,AU,1675549116
143,namibe,-15.1961,12.1522,70.99,76,64,7.56,AO,1675548876
144,opuwo,-18.0607,13.84,71.89,33,85,3.56,NA,1675549117
145,kamenka,51.3223,42.7678,20.8,96,100,7.43,RU,1675549118
146,torbay,47.6666,-52.7314,8.28,81,75,29.93,CA,1675548840
147,los llanos de aridane,28.6585,-17.9182,58.75,71,75,9.22,ES,1675549036
148,igarka,67.4667,86.5833,6.66,96,100,7.74,RU,1675549119
149,pozo colorado,-23.4923,-58.7972,85.55,42,62,1.57,PY,1675549119
150,lorengau,-2.0226,147.2712,82.85,71,100,5.21,PG,1675549003
151,takaungu,-3.6837,39.8566,76.68,86,67,8.25,KE,1675549120
152,sarila,25.7667,79.6833,58.32,45,0,6.11,IN,1675549121
153,qaqortoq,60.7167,-46.0333,24.22,74,98,22.86,GL,1675549121
154,saint-philippe,-21.3585,55.7679,78.39,86,98,9.82,RE,1675549075
155,san vicente,-26.6167,-54.1333,74.7,50,97,2.33,AR,1675549123
156,cabo san lucas,22.8909,-109.9124,79.61,40,0,4.61,MX,1675549060
157,pevek,69.7008,170.3133,-35.36,100,93,1.66,RU,1675549124
158,berlevag,70.8578,29.0864,26.6,86,100,2.3,NO,1675549124
159,zhigansk,66.7697,123.3711,-43.22,96,47,11.23,RU,1675549125
160,kavieng,-2.5744,150.7967,82.36,73,97,4.79,PG,1675549125
161,santa isabel do rio negro,-0.4139,-65.0192,77.43,92,93,3.31,BR,1675549126
162,tiksi,71.6872,128.8694,-17.9,100,100,3.69,RU,1675548838
163,bethel,41.3712,-73.414,19.36,37,100,5.75,US,1675549127
164,moron,-34.6534,-58.6198,82.98,36,0,6.78,AR,1675549127
165,itarema,-2.9248,-39.9167,79.27,81,44,14.61,BR,1675548889
166,deputatskiy,69.3,139.9,-31.38,99,95,3.71,RU,1675549125
167,sept-iles,50.2001,-66.3821,-2.94,79,96,13.0,CA,1675548482
168,codrington,-38.2667,141.9667,59.27,78,100,5.84,AU,1675549006
169,troitsk,54.0979,61.5773,-5.1,100,67,3.8,RU,1675549129
170,kruisfontein,-34.0033,24.7314,70.61,65,80,3.96,ZA,1675548879
171,biak,-0.9131,122.8766,75.45,84,100,3.38,ID,1675549130
172,pecos,31.4229,-103.4932,74.25,21,0,5.75,US,1675549130
173,tasiilaq,65.6145,-37.6368,24.96,82,100,19.24,GL,1675548932
174,fort nelson,58.8053,-122.7002,6.94,71,98,3.0,CA,1675548897
175,gwadar,25.1216,62.3254,70.54,82,0,13.89,PK,1675549131
176,corinto,37.9407,22.9573,49.89,85,91,6.06,GR,1675549132
177,daloa,6.8774,-6.4502,81.3,53,89,5.46,CI,1675549132
178,lander,42.833,-108.7307,43.39,51,0,8.05,US,1675548932
179,puerto ayora,-0.7393,-90.3518,85.96,88,51,7.0,EC,1675549002
180,piacabucu,-10.4056,-36.4344,79.65,80,38,9.53,BR,1675549084
181,sao filipe,14.8961,-24.4956,71.82,63,28,14.36,CV,1675548873
182,sao gabriel da cachoeira,-0.1303,-67.0892,77.29,95,98,0.76,BR,1675549134
183,mabaruma,8.2,-59.7833,74.25,90,91,5.66,GY,1675549135
184,hamilton,39.1834,-84.5333,46.67,41,0,19.57,US,1675549123
185,asyut,27.181,31.1837,53.78,49,84,5.3,EG,1675549069
186,muros,42.7762,-9.0603,48.83,83,1,8.86,ES,1675549136
187,lebu,-37.6167,-73.65,62.69,86,57,5.01,CL,1675549136
188,portland,45.5234,-122.6762,53.78,78,100,8.99,US,1675549019
189,turbat,26.0023,63.044,65.64,75,0,1.9,PK,1675549137
190,saskylakh,71.9167,114.0833,-34.38,99,87,3.06,RU,1675549138
191,marawi,7.9986,124.2928,65.8,90,100,1.45,PH,1675549004
192,hofn,64.2539,-15.2082,32.85,60,52,7.43,IS,1675549138
193,cherskiy,68.75,161.3,-36.6,100,97,4.32,RU,1675549080
194,usta muhammad,28.1794,68.0445,63.12,32,28,3.11,PK,1675549139
195,cape town,-33.9258,18.4232,70.21,88,75,5.75,ZA,1675549140
196,bulungu,-4.55,18.6,69.42,94,98,2.08,CD,1675549140
197,mitzic,0.7821,11.549,71.17,90,55,5.44,GA,1675549141
198,najran,17.4924,44.1277,61.45,50,48,2.64,SA,1675549141
199,chuy,-33.6971,-53.4616,68.47,80,3,15.57,UY,1675549142
200,madang,-5.2246,145.7966,78.67,84,99,4.68,PG,1675549142
201,oktyabrskoye,43.0645,44.7417,26.74,100,64,6.71,RU,1675549143
202,panlaitan,12.1191,119.8486,79.25,78,65,6.58,PH,1675549144
203,san cristobal,7.7669,-72.225,77.18,43,23,4.12,VE,1675549144
204,ortigueira,-24.2083,-50.9494,67.96,91,99,1.57,BR,1675549145
205,pustoshka,56.3355,29.369,19.0,94,95,7.34,RU,1675549005
206,nouakchott,18.0858,-15.9785,66.13,27,100,9.91,MR,1675548602
207,severo-kurilsk,50.6789,156.125,26.44,73,100,6.06,RU,1675549067
208,abu samrah,35.3029,37.1841,41.59,81,100,1.32,SY,1675549147
209,thomaston,32.8882,-84.3266,53.38,31,0,5.75,US,1675549148
210,tselinnoye,53.0833,85.6667,-4.67,100,99,3.53,RU,1675549148
211,gualeguay,-33.1416,-59.3097,85.01,22,0,9.64,AR,1675549149
212,vila do maio,15.1333,-23.2167,70.59,63,54,17.25,CV,1675549151
213,sri aman,1.2376,111.4621,71.65,100,100,0.0,MY,1675549153
214,nanortalik,60.1432,-45.2371,25.65,74,99,16.73,GL,1675548926
215,lompoc,34.6391,-120.4579,71.78,77,40,9.22,US,1675549156
216,avarua,-21.2078,-159.775,84.25,74,40,13.8,CK,1675549157
217,conakry,9.538,-13.6773,80.67,83,5,6.91,GN,1675549157
218,rocha,-34.4833,-54.3333,66.06,93,76,16.6,UY,1675549158
219,qaanaaq,77.484,-69.3632,-3.39,62,85,5.41,GL,1675548971
220,alexandria,31.2156,29.9553,58.64,59,48,14.41,EG,1675548948
221,oleksandrivka,48.9634,32.2349,25.84,83,100,12.41,UA,1675549159
222,redlands,34.0556,-117.1825,74.71,25,0,4.61,US,1675549154
223,esperance,-33.8667,121.9,63.73,69,0,14.03,AU,1675549030
224,samarai,-10.6167,150.6667,81.99,77,82,6.17,PG,1675548995
225,omsukchan,62.5333,155.8,-23.31,98,100,4.21,RU,1675549162
226,davila,18.4726,120.5763,67.98,70,28,3.91,PH,1675549163
227,manggar,-2.8833,108.2667,77.5,88,100,5.84,ID,1675549165
228,lugovoy,42.9472,72.7644,30.67,89,100,3.04,KZ,1675549166
229,mehamn,71.0357,27.8492,26.55,86,75,8.05,NO,1675549166
230,qasigiannguit,68.8193,-51.1922,-1.95,99,86,6.17,GL,1675549167
231,alice springs,-23.7,133.8833,60.35,72,2,0.0,AU,1675549169
232,acarau,-2.8856,-40.12,79.57,81,48,16.08,BR,1675549171
233,camacha,33.0833,-16.3333,58.42,67,40,16.11,PT,1675549171
234,byron bay,-28.65,153.6167,75.56,77,100,8.5,AU,1675549172
235,mbandaka,0.0487,18.2603,75.56,68,97,3.98,CD,1675549173
236,lata,40.1629,-8.3327,42.08,70,0,4.03,PT,1675549119
237,alofi,-19.0595,-169.9187,82.29,18,100,11.5,NU,1675549174
238,walvis bay,-22.9575,14.5053,64.09,78,100,10.58,NA,1675549033
239,novobirilyussy,56.9514,90.6661,-0.15,99,100,0.56,RU,1675548578
240,aklavik,68.2191,-135.0107,-31.0,68,20,3.44,CA,1675549175
241,lufilufi,-13.8745,-171.5986,80.38,77,99,16.82,WS,1675548640
242,nishihara,26.1842,127.7558,61.88,88,75,10.36,JP,1675549175
243,taltal,-25.4,-70.4833,72.3,74,42,3.74,CL,1675549053
244,gua,22.2,85.3833,56.68,29,42,0.51,IN,1675549176
245,farmington,36.7281,-108.2187,52.48,25,0,9.22,US,1675548937
246,grindavik,63.8424,-22.4338,34.27,93,75,14.97,IS,1675549177
247,great bend,38.3645,-98.7648,54.61,38,0,14.97,US,1675549178
248,tautira,-17.7333,-149.15,79.74,77,70,14.65,PF,1675549086
249,cozumel,20.5083,-86.9458,78.87,79,100,5.99,MX,1675548995
250,sharjah,25.3573,55.4033,66.18,72,20,4.61,AE,1675549157
251,coquimbo,-29.9533,-71.3436,71.33,68,0,11.5,CL,1675548934
252,xining,36.6167,101.7667,27.12,36,16,2.1,CN,1675549180
253,basoko,1.2391,23.616,74.62,43,16,2.57,CD,1675549180
254,kununurra,-15.7667,128.7333,78.78,83,100,6.91,AU,1675549085
255,vyartsilya,62.1764,30.693,-8.32,100,59,2.48,RU,1675549181
256,guerrero negro,27.9769,-114.0611,69.58,35,0,10.63,MX,1675549002
257,port hedland,-20.3167,118.5667,78.85,78,17,8.05,AU,1675549182
258,nefteyugansk,61.0998,72.6035,2.52,95,97,7.63,RU,1675548979
259,beloye,48.4952,39.0505,27.5,92,92,3.15,UA,1675549183
260,pimenta bueno,-11.6725,-61.1936,75.51,93,100,3.8,BR,1675549183
261,taber,49.8167,-112.1518,46.6,51,22,19.57,CA,1675549184
262,broken hill,-31.95,141.4333,63.28,52,0,12.08,AU,1675549071
263,vestmanna,62.1564,-7.1664,38.32,75,75,25.32,FO,1675549185
264,cap malheureux,-19.9842,57.6142,78.48,81,97,1.01,MU,1675549097
265,bredasdorp,-34.5322,20.0403,69.67,81,0,8.14,ZA,1675549186
266,san jose,37.3394,-121.895,61.79,82,75,14.97,US,1675548905
267,petropavlovsk-kamchatskiy,53.0452,158.6483,0.19,71,40,4.47,RU,1675548994
268,korcula,42.9622,17.1369,42.82,45,0,22.77,HR,1675549187
269,jvari,42.7169,42.052,36.45,62,100,6.29,GE,1675549188
270,djibo,14.1022,-1.6306,77.7,12,10,10.71,BF,1675549188
271,fairbanks,64.8378,-147.7164,10.36,80,100,4.61,US,1675549061
272,port blair,11.6667,92.75,78.84,89,40,2.3,IN,1675549189
273,denpasar,-8.65,115.2167,78.46,94,75,17.27,ID,1675549172
274,eureka,40.8021,-124.1637,63.93,52,100,11.99,US,1675549134
275,ust-nera,64.5667,143.2,-28.17,99,100,1.34,RU,1675549190
276,buraydah,26.326,43.975,54.05,33,0,13.02,SA,1675549121
277,santa rita,-7.1139,-34.9781,81.27,83,20,10.36,BR,1675549191
278,esmeraldas,-19.7625,-44.3139,85.06,75,36,1.59,BR,1675549191
279,planadas,3.197,-75.6451,77.25,56,62,2.75,CO,1675549192
280,karratha,-20.7377,116.8463,88.0,47,61,5.97,AU,1675549192
281,marienburg,54.0359,19.0266,30.88,86,87,3.56,PL,1675549193
282,ixtapa,20.7,-105.2,76.23,73,20,11.5,MX,1675549135
283,peniche,39.3558,-9.3811,51.93,90,0,13.27,PT,1675549194
284,siocon,7.7061,122.1353,76.05,86,96,4.12,PH,1675549194
285,fortuna,40.5982,-124.1573,63.66,60,75,17.27,US,1675548838
286,elizabethton,36.3487,-82.2107,46.76,47,74,1.01,US,1675549195
287,mach,29.8637,67.3298,56.89,49,15,1.92,PK,1675549195
288,nouadhibou,20.931,-17.0347,67.98,28,83,17.27,MR,1675549130
289,tura,25.5198,90.2201,56.14,54,0,2.37,IN,1675548991
290,taoudenni,22.6783,-3.9836,60.37,35,100,12.39,ML,1675549196
291,marovoay,-16.1,46.6333,74.93,94,96,6.82,MG,1675549197
292,maragogi,-9.0122,-35.2225,79.09,79,46,7.72,BR,1675549197
293,glenwood springs,39.5505,-107.3248,45.41,50,0,11.5,US,1675549198
294,hualmay,-11.0964,-77.6139,74.79,76,95,7.56,PE,1675548900
295,guymon,36.6828,-101.4816,64.4,13,0,17.27,US,1675549199
296,saint george,37.1041,-113.5841,62.44,30,0,3.44,US,1675548829
297,sur,22.5667,59.5289,70.03,67,1,4.38,OM,1675549200
298,kirakira,-10.4544,161.9205,83.91,77,54,4.68,SB,1675549201
299,touros,-5.1989,-35.4608,79.7,80,89,13.87,BR,1675549180
300,salalah,17.0151,54.0924,73.49,73,40,3.44,OM,1675549202
301,erzin,36.9559,36.2,42.53,86,100,4.54,TR,1675549207
302,margate,51.3813,1.3862,46.31,75,100,1.01,GB,1675548958
303,soe,-9.8607,124.284,66.94,97,100,3.98,ID,1675549209
304,narsaq,60.9167,-46.05,26.82,87,100,13.56,GL,1675549210
305,visnes,59.3556,5.2242,41.22,93,100,19.57,NO,1675549213
306,havelock,34.8791,-76.9013,39.94,56,0,9.22,US,1675549215
307,phan thiet,10.9333,108.1,70.21,87,31,6.89,VN,1675549216
308,lac du bonnet,50.2536,-96.0612,15.62,88,100,5.88,CA,1675549037
309,ornskoldsvik,63.2909,18.7153,11.35,100,100,5.75,SE,1675549217
310,anadyr,64.75,177.4833,-21.5,76,0,13.42,RU,1675549057
311,ostrovnoy,68.0531,39.5131,13.05,85,100,12.33,RU,1675549146
312,san patricio,28.017,-97.5169,71.55,56,40,10.27,US,1675548997
313,belaya gora,68.5333,146.4167,-35.9,100,98,4.0,RU,1675549223
314,bathsheba,13.2167,-59.5167,79.41,78,75,21.85,BB,1675549188
315,seidu,9.0167,-10.6,76.59,17,35,3.49,SL,1675549225
316,usakos,-22.0,15.6,71.51,61,94,5.99,NA,1675549146
317,aswan,24.0934,32.907,56.5,35,0,6.91,EG,1675549226
318,hasaki,35.7333,140.8333,37.22,57,4,17.2,JP,1675549227
319,santiago,-33.4569,-70.6483,90.28,38,0,18.41,CL,1675549071
320,port-gentil,-0.7193,8.7815,80.56,89,20,5.75,GA,1675549228
321,antofagasta,-23.65,-70.4,74.48,72,1,6.35,CL,1675549229
322,lagoa,39.05,-27.9833,59.13,88,3,18.59,PT,1675549141
323,kayanza,-3.0667,29.6667,57.02,90,74,3.0,BI,1675549233
324,bafra,41.5678,35.9069,40.42,75,100,7.25,TR,1675549234
325,san juan,-31.5375,-68.5364,87.93,23,0,11.27,AR,1675548780
326,leningradskiy,69.3833,178.4167,-26.32,99,100,4.59,RU,1675548990
327,goba,7.0167,39.9833,49.91,35,10,3.94,ET,1675549235
328,hrodna,53.6884,23.8258,24.48,77,97,12.39,BY,1675549235
329,tabou,4.423,-7.3528,78.37,87,3,6.6,CI,1675549233
330,falkenberg,56.9055,12.4912,26.94,97,36,10.71,SE,1675549236
331,praia,14.9215,-23.5087,70.34,73,0,16.11,CV,1675549236
332,dwarka,22.2394,68.9678,68.77,65,59,9.91,IN,1675549237
333,sarangani,5.4033,125.4636,80.98,73,100,17.16,PH,1675549237
334,yuyao,30.05,121.1494,42.57,95,100,3.8,CN,1675549238
335,vestmannaeyjar,63.4427,-20.2734,40.44,76,100,22.15,IS,1675549021
336,black diamond,47.3087,-122.0032,52.54,75,100,5.01,US,1675549239
337,atar,20.5169,-13.0499,62.62,18,60,12.06,MR,1675549239
338,luebo,-5.35,21.4167,68.45,95,100,0.22,CD,1675549240
339,praya,14.9215,-23.5087,70.34,73,0,16.11,CV,1675549236
340,banda aceh,5.5577,95.3222,76.62,86,88,5.7,ID,1675549241
341,fare,-16.7,-151.0167,81.19,73,18,17.18,PF,1675549195
342,cam ranh,11.9214,109.1591,75.16,78,20,4.61,VN,1675549242
343,te anau,-45.4167,167.7167,65.93,98,100,2.66,NZ,1675549242
344,chapais,49.7834,-74.8492,-6.02,95,100,9.55,CA,1675548971
345,sidmouth,50.6909,-3.2397,48.87,89,100,5.41,GB,1675549243
346,svetlaya,46.5389,138.3297,8.6,68,62,6.82,RU,1675549243
347,aranos,-24.1333,19.1167,81.43,44,94,13.94,NA,1675549244
348,palotina,-24.2839,-53.84,75.13,72,33,2.82,BR,1675549244
349,fenoarivo,-18.933,47.4354,64.47,94,75,3.44,MG,1675549245
350,fallon,39.4735,-118.7774,48.92,44,75,6.91,US,1675548951
351,kuopio,62.8924,27.677,1.35,85,0,3.44,FI,1675549246
352,malakal,9.5334,31.6605,77.58,21,9,5.93,SS,1675549246
353,rio linda,38.691,-121.4486,67.26,54,75,12.66,US,1675548994
354,griffith,41.5284,-87.4237,43.3,59,0,14.97,US,1675549247
355,talara,-4.5772,-81.2719,83.16,61,40,5.75,PE,1675549247
356,ust-kut,56.7938,105.7672,2.3,99,99,3.18,RU,1675549248
357,bambanglipuro,-7.95,110.2833,77.58,85,100,13.29,ID,1675549249
358,ongandjera,-17.8833,15.0667,75.07,30,91,5.23,NA,1675549114
359,kabala,9.5833,-11.55,78.35,19,21,2.1,SL,1675549249
360,cayenne,4.9333,-52.3333,75.24,100,75,5.75,GF,1675549250
361,huaral,-11.495,-77.2078,75.13,72,93,5.64,PE,1675549250
362,cabedelo,-6.9811,-34.8339,81.27,79,55,11.97,BR,1675549251
363,flinders,-34.5833,150.8552,72.37,57,0,5.01,AU,1675549251
364,hambantota,6.1241,81.1185,75.36,86,38,11.1,LK,1675549252
365,abha,18.2164,42.5053,50.25,50,0,0.0,SA,1675549252
366,ushtobe,45.2514,77.9838,28.85,97,99,6.64,KZ,1675549253
367,faya,18.3851,42.4509,50.52,61,78,1.45,SA,1675549253
368,vanavara,60.34,102.2797,-5.84,100,97,2.13,RU,1675549027
369,namanga,-2.5433,36.7905,66.27,57,80,4.5,KE,1675549254
370,abalak,58.1286,68.5944,-1.82,99,97,3.24,RU,1675549255
371,kaseda,31.4167,130.3167,44.33,61,93,6.26,JP,1675549255
372,diego de almagro,-26.3667,-70.05,76.78,40,84,9.69,CL,1675549256
373,alegrete,-29.7831,-55.7919,86.07,22,4,14.05,BR,1675549256
374,ciudad ojeda,10.1964,-71.3082,85.37,55,14,9.48,VE,1675549257
375,kormilovka,55.0026,74.1028,-7.15,100,100,2.89,RU,1675549257
376,shingu,33.7333,135.9833,35.2,78,12,6.82,JP,1675549258
377,saint anthony,45.0205,-93.218,29.71,67,100,8.05,US,1675549258
378,sola,-13.8833,167.55,80.17,87,100,30.18,VU,1675549046
379,nizhniy baskunchak,48.2198,46.8311,22.28,98,76,4.59,RU,1675549259
380,ahmadpur,18.7,76.9333,66.31,20,23,3.47,IN,1675549260
381,kitui,-1.367,38.0106,66.51,54,83,4.68,KE,1675549260
382,mecca,21.4267,39.8261,68.13,57,6,5.88,SA,1675549261
383,beysehir,37.6773,31.7246,31.91,81,100,7.02,TR,1675549262
384,yokadouma,3.5167,15.05,76.62,33,50,1.45,CM,1675549265
385,whitehorse,60.7161,-135.0538,14.02,83,75,4.61,CA,1675549242
386,bonfim,3.0833,-59.95,84.51,57,100,4.81,BR,1675549266
387,isiro,2.7739,27.616,70.0,36,48,0.4,CD,1675549268
388,amberieu-en-bugey,45.9589,5.3432,47.21,86,32,9.37,FR,1675549269
389,coihaique,-45.5752,-72.0662,81.21,48,44,9.57,CL,1675549016
390,haines junction,60.7522,-137.5108,13.95,73,100,2.3,CA,1675549272
391,constantine,36.365,6.6147,40.41,81,20,2.3,DZ,1675549273
392,rabat,33.9911,-6.8401,53.04,82,0,0.0,MA,1675549274
393,vitim,59.4511,112.5578,2.32,97,100,4.54,RU,1675549181
394,bima,-8.4667,118.7167,74.77,94,100,0.34,ID,1675549044
395,henties bay,-22.116,14.2845,64.36,87,98,6.31,NA,1675549266
396,alpatovo,43.7028,45.2415,33.73,78,99,5.77,RU,1675549277
397,ballina,-28.8667,153.5667,76.3,71,98,7.56,AU,1675549278
398,aktash,50.3,87.7333,6.26,89,100,3.91,RU,1675549279
399,amahai,-3.3333,128.9167,77.9,83,100,5.39,ID,1675549279
400,rottingdean,50.8098,-0.0594,47.28,83,100,4.0,GB,1675549280
401,honningsvag,70.9821,25.9704,26.35,80,67,19.57,NO,1675549281
402,auki,-8.7676,160.7034,81.57,84,100,5.91,SB,1675549282
403,yelbarga,15.6333,76.0167,71.87,35,2,5.68,IN,1675549283
404,ormara,25.2088,64.6357,70.59,80,0,11.16,PK,1675549284
405,lasa,46.6166,10.7002,36.48,80,36,9.04,IT,1675549042
406,turayf,31.6725,38.6637,41.25,81,0,9.22,SA,1675549167
407,cienfuegos,22.1461,-80.4356,82.54,61,8,9.22,CU,1675549286
408,kirando,-7.4167,30.6,71.65,80,96,5.1,TZ,1675549287
409,maldonado,-34.6667,-54.9167,69.22,90,77,17.29,UY,1675549048
410,atambua,-9.1061,124.8925,72.63,91,100,1.36,ID,1675549288
411,comodoro rivadavia,-45.8667,-67.5,78.66,38,0,14.97,AR,1675549191
412,baykit,61.67,96.37,2.16,100,99,2.13,RU,1675549294
413,saryozek,44.3583,77.9753,24.17,86,86,5.39,KZ,1675549295
414,san luis,-33.295,-66.3356,84.07,20,0,11.7,AR,1675549295
415,kieta,-6.2167,155.6333,79.61,83,99,2.93,PG,1675549296
416,pangnirtung,66.1451,-65.7125,-33.9,98,75,2.42,CA,1675549296
417,beira,-19.8436,34.8389,77.09,100,40,4.61,MZ,1675549297
418,derzhavinsk,51.1,66.3167,2.3,97,51,8.84,KZ,1675549297
419,edson,53.5835,-116.4356,46.54,36,0,6.91,CA,1675549298
420,gniezno,52.5348,17.5826,29.39,86,24,11.01,PL,1675549298
421,menomonie,44.8755,-91.9193,28.78,80,40,3.44,US,1675549299
422,golden,39.7555,-105.2211,53.29,27,40,21.85,US,1675549299
423,marystown,47.1666,-55.1483,10.62,86,100,34.99,CA,1675549300
424,kutum,14.2,24.6667,61.23,18,99,7.63,SD,1675549300
425,kashiwazaki,37.3667,138.55,33.89,86,100,3.18,JP,1675549301
426,siniscola,40.5719,9.6922,40.55,90,7,3.09,IT,1675549301
427,akyab,20.15,92.9,62.89,63,83,8.14,MM,1675549237
428,abu kamal,34.4506,40.9171,48.88,67,96,3.09,SY,1675549302
429,sarh,9.1429,18.3923,78.71,21,0,5.75,TD,1675549303
430,sao joao da barra,-21.6403,-41.0511,80.69,90,7,14.36,BR,1675549024
431,pisco,-13.7,-76.2167,75.25,88,0,6.91,PE,1675549304
432,lerwick,60.1545,-1.1494,41.0,67,56,23.22,GB,1675549304
433,dunedin,-45.8742,170.5036,70.81,79,100,5.99,NZ,1675549069
434,archidona,37.0965,-4.3887,45.91,54,0,3.04,ES,1675549305
435,tabuk,17.4189,121.4443,65.17,88,94,3.13,PH,1675549306
436,beringovskiy,63.05,179.3167,-19.52,87,43,15.23,RU,1675549254
437,nuevo progreso,23.1667,-97.95,71.47,46,2,1.01,MX,1675549307
438,kashi,39.4547,75.9797,29.41,69,99,8.95,CN,1675549113
439,huarmey,-10.0681,-78.1522,75.07,74,73,9.35,PE,1675549164
440,bandarbeyla,9.4942,50.8122,74.66,67,92,15.17,SO,1675549308
441,santa fe,-31.6333,-60.7,87.01,39,0,5.99,AR,1675549308
442,boa vista,2.8197,-60.6733,84.18,61,40,3.44,BR,1675549284
443,kahului,20.8947,-156.47,78.84,70,20,23.02,US,1675549309
444,rundu,-17.9333,19.7667,70.2,79,98,1.7,NA,1675549310
445,ulladulla,-35.35,150.4667,66.07,53,0,1.34,AU,1675549310
446,pucallpa,-8.3791,-74.5539,89.64,55,40,2.3,PE,1675549311
447,orlik,52.5178,99.825,-8.81,98,95,2.51,RU,1675549023
448,pinega,64.7001,43.3936,-8.79,100,62,3.18,RU,1675549312
449,ayan,56.45,138.1667,-9.47,88,87,5.23,RU,1675549312
450,yinchuan,38.4681,106.2731,27.57,34,0,2.62,CN,1675549313
451,presidencia roque saenz pena,-26.7852,-60.4388,90.46,24,76,9.95,AR,1675549313
452,arman,59.7,150.1667,-15.81,86,64,7.94,RU,1675549314
453,vao,-22.6667,167.4833,79.38,87,90,19.8,NC,1675549314
454,tornio,65.8481,24.1466,3.22,96,100,2.48,FI,1675549315
455,zorritos,-3.6805,-80.6782,82.69,66,50,10.42,PE,1675549315
456,mongo,12.1844,18.693,78.17,14,68,6.38,TD,1675549316
457,changji,44.0167,87.3167,18.39,93,75,4.47,CN,1675549176
458,oranjestad,12.524,-70.027,80.91,80,3,7.0,AW,1675549084
459,norman wells,65.282,-126.8329,-14.76,64,75,4.61,CA,1675549318
460,asau,46.4333,26.4,24.28,92,100,12.33,RO,1675549318
461,carmen,18.6333,-91.8333,78.84,65,40,6.91,MX,1675549319
462,ahuimanu,21.4447,-157.8378,72.36,87,100,3.0,US,1675549032
463,mao,39.8885,4.2658,55.96,67,0,23.02,ES,1675549249
464,nizhniy ingash,56.2,96.53,-0.63,99,100,2.28,RU,1675549287
465,limoeiro do ajuru,-1.8953,-49.3806,77.27,89,80,6.85,BR,1675549295
466,kaitangata,-46.2817,169.8464,70.38,70,100,4.32,NZ,1675549311
467,kirchzarten,47.9667,7.95,38.43,93,90,2.37,DE,1675549320
468,qostanay,53.1667,63.5833,12.49,85,100,8.95,KZ,1675549321
469,santa cruz del sur,20.7147,-77.9956,79.2,66,56,5.84,CU,1675549321
470,newtownards,54.5924,-5.6909,40.95,82,28,3.44,GB,1675549323
471,klyuchi,52.2667,79.1667,-10.44,100,79,2.82,RU,1675549323
472,bedele,8.456,36.353,57.18,34,8,3.44,ET,1675549328
473,sangar,63.9242,127.4739,-25.65,100,100,0.63,RU,1675549127
474,alakurtti,66.9672,30.3491,-6.95,100,91,2.62,RU,1675549331
475,kattivakkam,13.2167,80.3167,77.09,72,4,2.26,IN,1675549150
476,safranbolu,41.2508,32.6942,29.37,81,86,2.91,TR,1675549332
477,lusambo,-4.9667,23.45,69.35,93,100,1.88,CD,1675549333
478,kedrovyy,56.1667,91.8167,-7.19,99,100,1.52,RU,1675549334
479,marsh harbour,26.5412,-77.0636,71.49,77,98,28.52,BS,1675549335
480,nabire,-3.3667,135.4833,74.84,96,100,4.0,ID,1675549336
481,port hardy,50.6996,-127.4199,45.12,90,100,24.94,CA,1675548942
482,colares,38.7992,-9.4469,55.89,59,0,15.01,PT,1675549337
483,tamandare,-8.7597,-35.1047,78.76,81,40,7.07,BR,1675549338
484,inhambane,-23.865,35.3833,75.85,86,9,8.48,MZ,1675549040
485,necochea,-38.5473,-58.7368,68.45,53,0,11.68,AR,1675549067
486,preobrazheniye,42.9019,133.9064,15.85,71,30,6.53,RU,1675549339
487,nanlong,31.3533,106.0631,49.84,72,99,3.02,CN,1675549340
488,karpogory,64.0019,44.4451,-5.91,100,94,2.28,RU,1675549341
489,bestobe,52.4994,73.0975,-12.8,100,90,3.27,KZ,1675549077
490,amapa,1.0,-52.0,71.91,99,100,2.93,BR,1675549155
491,numan,9.4667,12.0333,82.24,14,75,5.91,NG,1675549342
492,nemuro,43.3236,145.575,21.47,74,35,8.37,JP,1675549343
493,evensk,61.95,159.2333,-4.11,82,99,8.57,RU,1675549106
494,bognor regis,50.7821,-0.6798,47.41,90,100,6.89,GB,1675549346
495,christchurch,-43.5333,172.6333,83.41,49,98,18.41,NZ,1675549105
496,buritis,-15.6178,-46.4233,76.89,74,99,0.25,BR,1675549125
497,chake chake,-5.2459,39.7666,77.41,83,100,6.29,TZ,1675549351
498,saint-augustin,51.226,-58.6502,8.58,81,61,19.6,CA,1675549320
499,el guamo,10.0316,-74.9761,92.08,35,17,11.12,CO,1675549356
500,kiruna,67.8557,20.2251,14.92,86,100,5.75,SE,1675549262
501,mezhgorye,44.9667,34.4167,33.96,85,100,3.36,UA,1675549357
502,rognan,67.0953,15.3878,36.05,67,100,8.95,NO,1675549357
503,muroto,33.2833,134.15,46.89,64,63,6.08,JP,1675549358
504,puerto baquerizo moreno,-0.9,-89.6,85.19,70,40,4.61,EC,1675549358
505,zhuhai,22.2769,113.5678,64.85,88,40,6.91,CN,1675549359
506,bowen,-20.0167,148.2333,79.41,89,100,6.87,AU,1675549359
507,marrakesh,31.6315,-8.0083,53.67,43,40,10.36,MA,1675549360
508,quesnel,52.9999,-122.5029,41.5,65,20,16.11,CA,1675549232
509,ronneby,56.21,15.276,14.5,100,6,4.61,SE,1675549360
510,sabha,27.0377,14.4283,55.13,31,66,10.13,LY,1675549361
511,haukipudas,65.1765,25.3523,20.14,100,100,8.68,FI,1675549362
512,brake,53.3333,8.4833,36.01,89,46,18.01,DE,1675549362
513,inuvik,68.3499,-133.7218,-22.94,69,20,5.75,CA,1675549363
514,jining,35.405,116.5814,32.2,76,0,7.38,CN,1675549363
515,melbu,68.5044,14.8297,37.22,60,100,17.27,NO,1675549364
516,bilibino,68.0546,166.4372,-35.01,98,17,4.61,RU,1675549364
517,asilah,35.465,-6.0348,51.76,77,0,9.13,MA,1675549365
518,casambalangan,18.3765,122.1274,73.98,86,89,11.41,PH,1675549365
519,dustlik,40.5247,68.0358,41.81,93,100,10.45,UZ,1675549366
520,soverato,38.685,16.5499,51.75,68,26,7.58,IT,1675549366
521,viedma,-40.8135,-62.9967,83.88,32,0,20.69,AR,1675548976
522,nuuk,64.1835,-51.7216,-6.18,82,100,12.64,GL,1675549157
523,chimoio,-19.1164,33.4833,71.46,100,75,1.86,MZ,1675549367
524,yoichi,43.2039,140.7703,27.01,75,100,11.48,JP,1675549368
525,yatou,37.15,122.3833,32.11,56,0,4.72,CN,1675549368
526,quime,-16.9833,-67.2167,49.35,98,100,3.91,BO,1675549369
527,soddy-daisy,35.2359,-85.1908,50.67,46,100,5.01,US,1675549369
528,havoysund,70.9963,24.6622,26.83,89,100,10.27,NO,1675549178
529,betanzos,43.2804,-8.2147,50.09,82,1,0.0,ES,1675549370
530,porto velho,-8.7619,-63.9039,84.25,65,20,3.44,BR,1675549371
531,saint-georges,12.0564,-61.7485,77.32,82,2,17.09,GD,1675549371
532,mattru,7.6244,-11.8332,76.78,83,43,4.43,SL,1675549372
533,vila franca do campo,37.7167,-25.4333,57.61,84,3,7.16,PT,1675549372
534,san fernando,15.0286,120.6898,74.93,85,83,5.7,PH,1675549373
535,ampanihy,-24.7,44.75,74.43,84,100,6.73,MG,1675549373
536,petit goave,18.4314,-72.8669,81.5,62,2,3.53,HT,1675549374
537,ahipara,-35.1667,173.1667,71.62,75,100,9.75,NZ,1675549244
538,ambon,-3.6954,128.1814,77.14,94,40,3.44,ID,1675549374
539,udachnyy,66.4167,112.4,-40.56,72,81,0.27,RU,1675549375
540,luderitz,-26.6481,15.1594,63.72,85,27,15.12,NA,1675549375
541,salina,38.8403,-97.6114,59.02,36,0,14.97,US,1675549376
542,labuan,5.2767,115.2417,77.36,94,20,0.0,MY,1675549376
543,trelew,-43.249,-65.3051,97.21,13,3,23.78,AR,1675549377
544,villa carlos paz,-31.4241,-64.4978,79.05,36,58,1.99,AR,1675549377
545,guapore,-28.8456,-51.8903,68.95,78,84,1.9,BR,1675549378
546,vredendal,-31.6683,18.5012,67.87,89,100,9.28,ZA,1675549379
547,puerto varas,-41.3195,-72.9854,75.42,43,0,16.11,CL,1675549379
